{
	"route__net": 27,
	"route__net__special": 2,
	"route__drc_errors__iter:1": 4,
	"route__wirelength__iter:1": 569,
	"route__drc_errors__iter:2": 0,
	"route__wirelength__iter:2": 568,
	"route__drc_errors": 0,
	"route__wirelength": 568,
	"route__vias": 144,
	"route__vias__singlecut": 144,
	"route__vias__multicut": 0,
	"design__io": 6,
	"design__die__area": 27374.8,
	"design__core__area": 21891,
	"design__instance__count": 332,
	"design__instance__area": 659.382,
	"design__instance__count__stdcell": 332,
	"design__instance__area__stdcell": 659.382,
	"design__instance__count__macros": 0,
	"design__instance__area__macros": 0,
	"design__instance__utilization": 0.0301212,
	"design__instance__utilization__stdcell": 0.0301212
}